RequestType,date
GitHub – add user to org,2023-10-23
GitHub – add user to org,2023-10-23
GitHub – add user to org,2023-10-23
GitHub - add user as maintainer,2023-10-23
GitHub - add Renovate to repo,2023-10-23
GitHub - information/help,2023-10-23
General information/help,2023-10-23
Refer to another team,2023-10-23
GitHub – remove user from team/repo,2024-04-01
GitHub - manage external collaborator,2024-04-01
GitHub - other requests,2024-04-01
1Password - add user,2024-04-02
API Key,2024-04-02
Tools Information/help,2024-04-02
Refer to another team,2024-04-02
Refer to another team,2024-04-02
Refer to another team,2024-04-02
Dockerhub,2024-03-13
DNS/Domain,2024-02-14
API Key,2024-01-13
GitHub – add user to org,2024-04-22
GitHub – add user to org,2024-04-22
GitHub - add user back to org,2024-04-22
GitHub - add user back to org,2024-04-22
GitHub - add user back to org,2024-04-22
1Password - add user,2024-04-22
1Password - add user,2024-04-22
1Password - add user,2024-04-22
1Password - add user,2024-04-22